{
  "data": [
    {
      "Question": "What Is Ramadan?",
      "Ans": "\nFasting or Ṣawm (Arabic:صوم) is one of the most important obligatory rituals in Islam. Muslims must abstain from a number of activities including eating and drinking from dawn to dusk to obey God's command. Fasting is one of the ten Ancillaries of the Faith, and it has been obligatory in other religions in a different fashion.Fasting is a mean to seek proximity to God, and it increases one's piety. It purifies the soul and the body, atones for some sins, and also strengthens self-control and sympathy [towards the poor]. In addition, it inculcates a sense of fraternity with the needy and hungry. According to jurisprudence fasting is categorized into four types:obligatory,recommended,disliked and forbidden. Moreover, according to some hadiths, fasting is categorized into three levels in common fasting, special (khas) fasting, and the most especial fasting (khas al-khas).Fasting is considered as one of the pillars of Islam. It is obligatory for every mature, rational, and healthy Muslim. The verse on fasting was revealed in Sha'ban 28, Hijri year 2/624: “O you who have faith! Prescribed for you is fasting as it was prescribed for those who were before you, so that you may be Godwary”. However, some of its details on the conditions of fasting were changed and some were abrogated.The ritual of fasting is an act of worshiping God. However, except for obligatory fasting days in the month of Ramadan, there are numerous recommended fasting days.Prophet (s.a.w.), precisely to his famous sermon welcoming the approach of the fasting season, “O people! This is the month of God coming to you with mercy, blessing, and forgiveness; in the sight of Allah, it is the most superior month; its days, nights, and hours are the best. In this month you are the guests of God, enjoying His hospitality. You have been rendered among those who have won His grace. Your every breath shall be deemed utterances of glory to His Name, your sleep a form of worship. Your deeds shall be accepted, your prayers answered. So, with sincerity and pure hearts, pray to your Creator to grant you success in fasting this month and reciting His Book. The wretched is he who is denied the Almighty’s forgiveness during this august month.O men and women! During this month, the gates of everlasting bliss are ajar; so beseech your Lord not to close them off to you. The gates of the Fire are closed; so entreat Him not to open them for you. The devils are in fetters; so implore Him not set them free lest they should lead you astray”.After he related this part of the sermon, he drew my attention to what I should be doing during this month stressing certain parts of the sermon. He went on quoting the Prophet (s.a.w.), “O people! He who provides a meal to a devout Muslim, at the end of his long day fast, during this month, his reward from God shall be as great as that for emancipating a slave, and he can be rest assured of the forgiveness of his past sins”.Someone interjected, “O Prophet of God! Not all of us can afford to provide food for fasting people”. He retorted, “Fear God, even with half a date. Feed them, for the sake of God, albeit with a sip of water, because the Almighty grants those a full reward who have done a small deed, if he could not afford to do more.O people! he who strives, during this month, to deal gently and politely with people, shall be guaranteed passage to paradise, on the Day when many a foot slips (leading to hell). Those who minimize the burden of those in their employ (mulkul yameen), The Lord shall make their reckoning easy. He who checks his transgression, Allah shall withhold His wrath from him on the Day of Judgement. Whoever shuns his kinsmen, Allah shall deny him His mercy on the Day of Reckoning. He who recites just one verse of the Holy Qur’an, during this month, Allah shall grant him the reward of having recited the whole Book in other months"
    },
    {
      "Question": "Sighting of the Moon?",
      "Ans": "\nMoon sighting (Arabic:رؤية الهلال) means sighting the crescent of the new moon and is one of the ways to prove the beginning of a lunar month in religion. A remarkable amount of obligatory and recommended acts of worship and rituals such as hajj, fasting, al-Qadr night and some legal issues such as increasing diya (blood-money) in haram months depend on the moon sighting at the beginning of the month.According to Shi'a jurisprudence, the beginning of a lunar month can be determined in one of the ways below:\n1) A person himself sees the crescent of the moon.\n2) Gaining confidence in the report of others or other rationally acceptable sources.\n3) Testimony of two just men whose report is not in contradiction to astronomical rules."
    },
    {
      "Question": "What Is the Definition of Fasting?",
      "Ans": "\nIn the Qur'an, hadiths, and the words of scholars, some reasons have been mentioned for fasting. When the Qur'an states the ruling of fasting, it mentions piety as one of its reasons: “O you who have faith! Prescribed for you is fasting as it was prescribed for those who were before you, so that you may be Godwary.” (Qur'an 2:183).One of the most important philosophies of fasting is improving ikhlas (sincerity) and willpower; it also helps the person to better worship God.Fasting would make people recognize the hunger and thirst so that they would remember the Day of Judgment and the eternal life in the hereafter and prepare for themselves. Such hardship would make people avoid arrogance. It also prepares them for practicing the obligatory religious deeds as well as khums and zakat.In a hadith narrated from God by Prophet Muhammad (s), the result of fasting is expressed as: wisdom and true knowledge of God which makes people spiritually calm and peaceful in difficulties of life.Fasting makes people united, cooperative and devoted, which leads to helping the poor.Moreover, fasting improves discipline, contentment, and patience in the face of sins and difficulties of life among individuals and society. Social misconducts significantly reduce in the month of Ramadan.Through patience and tolerance, fasting prepare people to be committed to achieving their goals.Qur’an: “O you who believe, fasting is prescribed for you as it was prescribed for those before you, that you may develop God-consciousness” [2:183]."
    },
    {
      "Question": "Why Muslims Fast?",
      "Ans": "\nFasting in Ramadan aims to achieve: - Piety and righteousness - Discipline - Renewal of a devotional Life  Renewal of contact with the Qur’an - Renewal of identity with the Ummah - A renewed sense of care and sympathy - Striving, challenge, and struggle - Patience - Self-control - Abstaining from the halal in order to make it easier to abstain from haram after Ramadan"
    },
    {
      "Question": "What are the Virtues of Ramadan?",
      "Ans": "\nFasting helps Muslims develop self-control, gain a better understanding of God’s gifts and attain a greater compassion towards the deprived.\n1) This blessed month is a great occasion for goodness, blessing, worship and obedience of God.\n2) It is a month in which rewards for good deeds are multiplied.\n3) It is a great opportunity for one to do deeds that could bring him/her closer to Paradise - It provides protection from evil for those who sincerely fast.\n4) Perhaps the greatest and most unique merit of Ramadan lies in the fact that the Qur’an was revealed during this month.\n5) When the month of Ramadan starts, the gates of Paradise are opened, the gates of Hell are closed and the devils are chained up.\n6) It is a means for atonement of sins. It is a shield because it safeguards the believer from vain talk and wrong doing and thereby protects him from the Hell.\n7) Fasting is so highly regarded for a believer that he would have two occasions of joy:\n\t⦁ One at the time of breaking his fast to enjoy the bounties of God, because he has been favoured with God’s mercy to observe fasting while many others have been deprived of this great blessing\n\t⦁ The second would be when he meets his Lord and enjoys the abundant reward for having observed fasting.\n8) Fasting intercedes with God on behalf the believer on the Day of Judgment"
    },
    {
      "Question": "What are the Types of Fasting?",
      "Ans": "\nThere are numerous categories of fasting:\n1) Compulsory [Fard]: this includes fasting Ramadan or fasting due to vow. By vow means that if you missed fasting Ramadan due to a genuine reason, it is imperative to observe the fast later. [Except when excused from fasting with legal excuse and instead pay Fidyah.\n2) Recommended [Sunnah and Nafil]\n\t⦁ The first and last Thursday of each month, and the first Wednesday after the tenth of the month; and if someone does not fast on these days, it is recommended that he makes them up; and in the event that one cannot fast at all [on these days], it is recommended that he gives for each day one mudd of food or 12.6 nukhuds(1) of minted silver(2) to a poor person.\n\t⦁ The 13th, 14th, and 15th of each month.\n\t⦁ The entire month of Rajab and Shaʿbān, or at least some days of these two months, even if only one day.\n\t⦁ The Eid of Nawrūz.\n\t⦁ From the 4th to the 9th of Shawwāl.\n\t⦁ The 25th and 29th of Dhū al-Qaʿdah.\nFrom the 1st to the 9th of Dhū al-Ḥijjah (until and including the Day of ʿArafah); however, if due to weakness from fasting one cannot recite the supplications (duʿāʾs) of the Day of ʿArafah, then fasting on that day is disapproved.\n\t⦁ The auspicious day of Eid al-Ghadīr (the 18th of Dhū al-Ḥijjah).\n\t⦁ The day of Mubāhalah (the 24th of Dhū al-Ḥijjah).\n\t⦁ The 1st, 3rd, and 7th of Muharram.\n\t⦁ The joyous birthday of the most noble Messenger (PBUH) (the 17th of Rabīʿ al-Awwal).\n\t⦁ The 15th of Jumādā al-Ūlā.\n\t⦁ The day of Mabaʿth of His Eminence the most noble Messenger (PBUH) (the 27th of Rajab).\n3) Forbidden [Haram]: Fasting on Eid al-Fiṭr and Eid al-Aḍḥā is unlawful. Furthermore, if one does not know whether it is the last day of Shaʿbān or the first day of Ramadan and fasts with the intention of it being the first day of Ramadan, it is unlawful. Fasting is disapproved on the Day of ʿĀshūrāʾ and on the day that one doubts whether it is the Day of ʿArafah or Eid al-Aḍḥā."
    },
    {
      "Question": "Quran Verses on Ramadan?",
      "Ans": "verses\n1) Quran 2 183\nيٰٓـاَيُّهَا الَّذِيۡنَ اٰمَنُوۡا كُتِبَ عَلَيۡکُمُ الصِّيَامُ کَمَاكُتِبَ عَلَى الَّذِيۡنَ مِنۡ قَبۡلِکُمۡ لَعَلَّكُمۡ تَتَّقُوۡنَۙ\nO believers! Fasting is prescribed for you—as it was for those before you so perhaps you will become mindful ˹of Allah\n2) Quran 2 184\nأَيَّامًا مَّعْدُودَاتٍ ۚ فَمَن كَانَ مِنكُم مَّرِيضًا أَوْ عَلَىٰ سَفَرٍ فَعِدَّةٌ مِّنْ أَيَّامٍ أُخَرَ ۚ وَعَلَى الَّذِينَ يُطِيقُونَهُ فِدْيَةٌ طَعَامُ مِسْكِينٍ ۖ فَمَن تَطَوَّعَ خَيْرًا فَهُوَ تَعْلَمُونخَيْرٌ لَّهُ ۚ وَأَن تَصُومُوا خَيْرٌ لَّكُمْ ۖ إِن كُنتُمْ\n[Fasting for] a limited number of days. So whoever among you is ill or on a journey [during them] - then an equal number of days [are to be made up]. And upon those who are able [to fast, but with hardship] - a ransom [as substitute] of feeding a poor person [each day]. And whoever volunteers excess - it is better for him. But to fast is best for you, if you only knew.\n3) Quran 2 185\nشَهْرُ رَمَضَانَ الَّذِي أُنزِلَ فِيهِ الْقُرْآنُ هُدًى لِّلنَّاسِ وَبَيِّنَاتٍ مِّنَ الْهُدَىٰ وَالْفُرْقَانِ ۚ فَمَن شَهِدَ مِنكُمُ الشَّهْرَ فَلْيَصُمْهُ ۖ وَمَن كَانَ مَرِيضًا أَوْ عَلَىٰ سَفَرٍ فَعِدَّةٌ مِّنْ أَيَّامٍ أُخَرَ ۗ يُرِيدُ اللَّهُ بِكُمُ الْيُسْرَ وَلَا يُرِيدُ بِكُمُ الْعُسْرَ وَلِتُكْمِلُوا الْعِدَّةَ وَلِتُكَبِّرُوا اللَّهَ عَلَىٰ مَا هَدَاكُمْ وَلَعَلَّكُمْ تَشْكُرُونَ\nThe month of Ramadhan [is that] in which was revealed the Qur'an, a guidance for the people and clear proofs of guidance and criterion. So whoever sights [the new moon of] the month, let him fast it; and whoever is ill or on a journey - then an equal number of other days. Allah intends for you ease and does not intend for you hardship and [wants] for you to complete the period and to glorify Allah for that [to] which He has guided you; and perhaps you will be grateful.\n4) Quran 2: 187\nأُحِلَّ لَكُمْ لَيْلَةَ الصِّيَامِ الرَّفَثُ إِلَىٰ نِسَائِكُمْ ۚ هُنَّ لِبَاسٌ لَّكُمْ وَأَنتُمْ لِبَاسٌ لَّهُنَّ ۗ عَلِمَ اللَّهُ أَنَّكُمْ كُنتُمْ تَخْتَانُونَ أَنفُسَكُمْ فَتَابَ عَلَيْكُمْ وَعَفَا عَنكُمْ ۖ فَالْآنَ بَاشِرُوهُنَّ وَابْتَغُوا مَا كَتَبَ اللَّهُ لَكُمْ ۚ وَكُلُوا وَاشْرَبُوا حَتَّىٰ يَتَبَيَّنَ لَكُمُ الْخَيْطُ الْأَبْيَضُ مِنَ الْخَيْطِ الْأَسْوَدِ مِنَ الْفَجْرِ ۖ ثُمَّ أَتِمُّوا الصِّيَامَ إِلَى اللَّيْلِ ۚ وَلَا تُبَاشِرُوهُنَّ وَأَنتُمْ عَاكِفُونَ فِي الْمَسَاجِدِ ۗ تِلْكَ حُدُودُ اللَّهِ فَلَا تَقْرَبُوهَا ۗ كَذَٰلِكَ يُبَيِّنُ اللَّهُ آيَاتِهِ لِلنَّاسِ لَعَلَّهُمْ يَتَّقُونَ"
    },
    {
      "Question": "Who is exempt from fasting in Ramadan?",
      "Ans": "\nThe following Muslims are exempt from fasting in Ramadan:\n1) A sick person:\n\t⦁ Someone who is ill to the extent that it will seriously affect their health if they fasted. This is determined by clear manifest signs, the judgement of a practicing Muslim doctor or by previous experience.\nQuran\n“and whoever is ill or on a journey, the same number [of days which one did not observe Sawm (fasts) must be made up] from other days”\n [al-Baqarah 2:185]\n2) A traveler:\n\t⦁ If you travel before zuhr from home-town, then you can’t fast. You have to do qaza later on; there is no kaffarah for missing the fast due to traveling.\n\t⦁  If you travel after zuhr from home-town, then you should fast normally on that day.\n\t⦁ While returning from a journey, if you reach your home-town before zuhr, then you can fast on that day provided you did not eat or drink anything on the return trip. In this case, you will do the niyyat after arriving to your city.\n\t⦁ If you stay at the destination less than 10 days, then you can’t fast. You have to do qaza later on and, remember, there is no kaffara in this case.\n\t⦁ If you stay at the destination 10 days continuously, then you should fast normally.\n\t⦁ If the continuity of ten days is interrupted by a side trip, then you cannot fast; you will have to do qaza later on; and, remember, there is no kaffara in this case.\n\t⦁ If you are a “frequent traveler,” then you should fast normally even while traveling.“Frequent traveler” means a person:  whose work itself is traveling (e.g., driver, pilot),whose work involves traveling (e.g., salesperson, consultant),whose work place is more than 24 miles from the city limits of the home-town.\n3) A frail elderly person:\nFasting is not obligatory on someone who, due to old age, cannot fast or finds fasting excessively difficult. However, in the latter case, for each day [that he does not fast] he must give one mudd of food – i.e. wheat, barley, bread, or suchlike – to a poor person.\n“And as for those who can fast with difficulty, (e.g. an old man), they have (a choice either to fast or) to feed a Miskeen (poor person) (for every day)”\n[al-Baqarah 2:184]\n4) A pregnant or breastfeeding woman:\n\t⦁ If fasting is harmful for a woman who is breastfeeding her child and who has little milk – whether she is the child’s mother or wet nurse, or someone who is breastfeeding the child without getting paid – or, if fasting is harmful for the child that she is breastfeeding, it is not obligatory on her to fast and she must give one mudd of food to a poor person for each missed fast and she must make up the fasts she did not keep. However, based on obligatory precaution, this rule only applies to the case where giving milk to the child is limited to this way. Therefore, if there is another way of giving milk to the child – for example, a number of women participate in breastfeeding the child, or the child is fed with the aid of a bottle – then affirming this rule is problematic (maḥall al-ishkāl) [i.e. based on obligatory precaution, it is not permitted for such a woman to not fast].\n5) A woman experiencing menstruation or post-natal bleeding:\n\t⦁  It is forbidden to fast while menstruating.\n\t⦁  If a woman’s period starts in Ramadan during the night (i.e. any time from the start of the Maghrib prayer to the start of the Fajr prayer), then she is forbidden from fasting the following day. She must continue to not fast for as long as she is menstruating.\n\t⦁  If a woman starts her period during the day, then her fast on that day would be nullified. She must make up that fast on a later date. Again, she must continue to not fast for as long as she is menstruating.\n\t⦁  If a woman’s period ends at night time (i.e. from the start of Maghrib up to the start of Fajr), she must make ghusl (a ritual bath), and she is obligated to fast the next day.\n\t⦁  If a woman’s period ends during the day, she must make ghusl (a ritual bath) and, for the rest of the day, she should act like a fasting person until Maghrib (i.e. not eat or drink out of absolute etiquette for the magnificent month of Ramadan). However, this doesn’t count as a normal fast for her. She would still have to make up the fast for that day, as well as the rest of the days on which she was menstruating.\n\t⦁ Finally, we should also note that the same rulings apply to women who have given birth and are experiencing post-natal bleeding. This post-natal bleeding can last up to 40 days and the woman is forbidden to fast in this time. If it went beyond the forty days, this would mean that something unusual has taken place and she would be obliged to fast, unless it can be proven as being detrimental to her health. In that case, she would be exempt from fasting, because she would be a sick person."
    },
    {
      "Question": "What breaks your fast and what should we do if our fast breaks?",
      "Ans": "\nEight things invalidate a fast:\n1) Eating and drinking.\n2) Sexual intercourse.\n3) Masturbation, meaning that a man – either with himself or by means of something – does something other than having sexual intercourse that results in ejaculation.\n4) Based on obligatory precaution, ascribing false things to Allah, Prophet Muḥammad (PBUH), and the successors of Prophet Muḥammad (PBUH) [i.e. the Twelve Imams (ʿA)].\n5) Causing thick dust to reach the throat, based on obligatory precaution.\n6) Remaining in a state of ritual impurity (janābah), menstruation (ḥayḍ), or lochia (nifās) until the time of ṣubḥ prayers.\n7) Applying liquid enema.\n8) Vomiting intentionally."
    },
    {
      "Question": "What doesn’t break your fast in Ramadan?",
      "Ans": "\n1) Breaking the fast forgetfully.\n2) Having a wet dream."
    },
    {
      "Question": "What is disliked (makruh) for a fasting person?",
      "Ans": "\nSome things are disapproved for a fasting person to do, including:\n1) Putting medication in the eyes and applying collyrium in a way that the taste or smell of it reaches the throat.\n2) Doing anything that causes weakness, such as giving blood or taking a shower.\n3) Putting medication in the nose, if one does not know that it will reach the throat; and if one knows that it will reach the throat, it is not permitted.\n4) Smelling aromatic plants.\n5) For women, to sit in water.\n6) Using a suppository.\n7) Making the clothes that are on the body wet.\n8) Having teeth extracted or doing anything that causes blood to come out of the mouth.\n9) Brushing the teeth with a wet piece of wood.\n10) Putting water or any other fluid in the mouth without due cause.\n11) Immersing the entire head in water."
    },
    {
      "Question": "What is recommended to do when fasting?",
      "Ans": "\n1) Eat the pre-dawn meal (sahur) as it gives you strength for the fast.\n2) Breaking the fast with dates, water or salt"
    },
    {
      "Question": "What is fine to do when fasting?",
      "Ans": "\n1) Using the toothstick (miswak) at any time during the day.\n2) Rinsing the mouth and nose.\n3) Taking a shower.\n4) Applying scent."
    },
    {
      "Question": "Dua for beginning of fast?",
      "Ans": " وَبِصَوْمِ غَدٍ نَّوَيْتُ مِنْ شَهْرِ رَمَضَانَ"
    },
    {
      "Question": "Dua when breaking fast?",
      "Ans": "اللَّهُمَّ اِنِّى لَكَ صُمْتُ وَبِكَ امنْتُ وَعَلَيْكَ تَوَكَّلْتُ وَعَلَى رِزْقِكَ اَفْطَرْت"
    }
  ]
}
