{
  "data": [
    {
      "Question": "What Is Ramadan?",
      "Ans": "Ramadan is the 9th month of the Islamic calendar and the month in which the Qur’an was revealed. Ramadan is the month of worship, the month of helping the needy through charity and the month of compulsory fasting. Fasting Ramadan is one of the five pillars of Islam and became obligatory on Muslims during the 2nd year after the Hijrah [migration of the Prophet from Mecca to Madinah]. Therefore, the Prophet fasted nine Ramadans in his lifetime. The command to fast was revealed in the month of Sha’ban [the month immediately preceding Ramadan]."
    },
    {
      "Question": "Sighting of the Moon?",
      "Ans": " It is a collective duty on the Muslims to make an effort to sight the moon of Ramadan on the 28th of Sha’ban. Muslims should depend on sighting the moon based on the naked-eye or astronomic calculation. The Prophet [pbuh] himself instructed, ‘Begin the fast on the sighting of the moon and break the fast likewise, but if the sky is cloudy [on the 29th of Sha’ban], then estimate it [by completing] 30 days of Sha’ban’ [Muslim]. Muslim scholars and scholars of astronomy agreed that astronomic calculation is a science that is based on observation of the position of the sun and the moon; a scientific basis, not on Tanjīm [astrology]. Muslim scholars also agree that sighting the moon with the naked-eye is the fundamental basic criteria and there is no need for astronomic calculation if the moon is seen clearly. If sighting with naked-eye is not certain or in conflict with calculation, then decision by means of sighting solely with the naked-eye will not be acceptable and calculation should be taken into consideration."
    },
    {
      "Question":"What Is the Definition of Fasting?",
      "Ans":"  The literal meaning of fasting [Ṣawm] is to restrain oneself from something. The technical meaning is to abstain from all those things that are forbidden during the time of fasting which is from the break of dawn to the sunset and to do this with the intention of fasting. Fasting in Islam involves abstaining from all bodily pleasures between dawn and sunset. It also includes abstaining from doing bad deeds, evil actions and bad manners. Fasting is not unique to Muslims. It has been practiced for centuries by Christians, Jews, Confucianists, Hindus, Taoists, and Jains. God states this fact in the…\nAl-baqara 2:183:O you who believe, fasting is prescribed for you as it was prescribed for those before you, that you may develop God-consciousness’  "

    },
    {
      "Question": "Why Muslims Fast?",
      "Ans": " Fasting in Ramadan aims to achieve: - Piety and righteousness - Discipline - Renewal of a devotional Life Renewal of contact with the Qur’an - Renewal of identity with the Ummah - A renewed sense of care and sympathy - Striving, challenge, and struggle - Patience - Self-control - Abstaining from the halal in order to make it easier to abstain from haram after Ramadan\n1)It is a month in which rewards for good deeds are multiplied"
    },
    {
      "Question": "What are the Virtues of Ramadan? ",
      "Ans": "Fasting helps Muslims develop self-control, gain a better understanding of God’s gifts and attain a greater compassion towards the deprived.\n1)This blessed month is a great occasion for goodness, blessing, worship and obedience of God\n2) It is a great opportunity for one to do deeds that could bring him/her closer to Paradise - It provides protection from evil for those who sincerely fast\n3) Perhaps the greatest and most unique merit of Ramadan lies in the fact that the Qur’an was revealed during this month.\n4) When the month of Ramadan starts, the gates of Paradise are opened, the gates of Hell are closed and the devils are chained up.\n5) It is a means for atonement of sins. It is a shield because it safeguards the believer from vain talk and wrong doing and thereby protects him from the Hell\n6) Fasting is so highly regarded for a believer that he would have two occasions of joy:\n7) One at the time of breaking his fast [to enjoy the bounties of God, because he has been favored with God’s mercy to observe fasting while many others have been deprived of this great blessing]\n8) The second would be when he meets his Lord [and enjoys the abundant reward for having observed fasting]\n9) Fasting intercedes with God on behalf the believer on the Day of Judgment"

    },
    {
      "Question": "What are the Types of Fasting? ",
      "Ans": " There are numerous categories of fasting:\ntypes\n1) Compulsory [Farḍ]\nThis includes fasting Ramadan or fasting due to vow. By vow means that if you missed fasting Ramadan due to a genuine reason, it is imperative to observe the fast later. [Except when excused from fasting with legal excuse and instead pay Fidyah – see ‘General Rulings and Guidelines’].\n2) Recommended [Sunnah]\nThe fast which Prophet Muhammad [pbuh] himself observed or urged his followers to observe, such as Ashura [the day of ‘Arafah on ninth of Dhul-Hijjah] and fasting the thirteenth, fourteenth and fifteenth of every lunar month\n3) Permissible [Nafl]\nsuch as six fasts in the month of Shawwal and fasting every Monday and Thursday\n4) Disliked [Makruh]\nfasting on Friday only or Saturday only, fasting day 29 of Sha’ban [day of doubt] and fasting without a break.\n5) Forbidden [Haram]\nfasting on the day of ‘Eid al-Fiṭr, on the day of Eid Aḍḥa and in the tashrīq days [eleventh to thirteenth of Dhul-Ḥijjah]  ) "


    },
    {
      "Question": "Quran Verses on Ramadan?",
      "Ans": "verses\n1) Quran 2 183\nيٰٓـاَيُّهَا الَّذِيۡنَ اٰمَنُوۡا كُتِبَ عَلَيۡکُمُ الصِّيَامُ کَمَاكُتِبَ عَلَى الَّذِيۡنَ مِنۡ قَبۡلِکُمۡ لَعَلَّكُمۡ تَتَّقُوۡنَۙ\nO believers! Fasting is prescribed for you—as it was for those before you so perhaps you will become mindful ˹of Allah\n2) Quran 2 184\nأَيَّامًا مَّعْدُودَاتٍ ۚ فَمَن كَانَ مِنكُم مَّرِيضًا أَوْ عَلَىٰ سَفَرٍ فَعِدَّةٌ مِّنْ أَيَّامٍ أُخَرَ ۚ وَعَلَى الَّذِينَ يُطِيقُونَهُ فِدْيَةٌ طَعَامُ مِسْكِينٍ ۖ تَطَوَّعَ خَيْرًا فَهُوَ خَيْرٌ لَّهُ ۚ وَأَن تَصُومُوا خَيْرٌ لَّكُمْ ۖ إِن كُنتُمْ تَعْلَمُ\n[Fasting for] a limited number of days. So whoever among you is ill or on a journey [during them] - then an equal number of days [are to be made up]. And upon those who are able [to fast, but with hardship] - a ransom [as substitute] of feeding a poor person [each day]. And whoever volunteers excess - it is better for him. But to fast is best for you, if you only knew.\n3) Quran 2 185\n شَهْرُ رَمَضَانَ الَّذِي أُنزِلَ فِيهِ الْقُرْآنُ هُدًى لِّلنَّاسِ وَبَيِّنَاتٍ مِّنَ الْهُدَىٰ وَالْفُرْقَانِ ۚ فَمَن شَهِدَ مِنكُمُ الشَّهْرَ فَلْيَصُمْهُ ۖ وَمَن كَانَ مَرِيضًا أَوْ عَلَىٰ سَفَرٍ فَعِدَّةٌ مِّنْ أَيَّامٍ أُخَرَ ۗ يُرِيدُ اللَّهُ بِكُمُ الْيُسْرَ وَلَا يُرِيدُ بِكُمُ الْعُسْرَ وَلِتُكْمِلُوا الْعِدَّةَ وَلِتُكَبِّرُوا اللَّهَ عَلَىٰ مَا هَدَاكُمْ وَلَعَلَّكُمْ تَشْكُرُونَ\nThe month of Ramadhan [is that] in which was revealed the Qur'an, a guidance for the people and clear proofs of guidance and criterion. So whoever sights [the new moon of] the month, let him fast it; and whoever is ill or on a journey - then an equal number of other days. Allah intends for you ease and does not intend for you hardship and [wants] for you to complete the period and to glorify Allah for that [to] which He has guided you; and perhaps you will be grateful.\n4) Quran 2: 187\n أُحِلَّ لَكُمْ لَيْلَةَ الصِّيَامِ الرَّفَثُ إِلَىٰ نِسَائِكُمْ ۚ هُنَّ لِبَاسٌ لَّكُمْ وَأَنتُمْ لِبَاسٌ لَّهُنَّ ۗ عَلِمَ اللَّهُ أَنَّكُمْ كُنتُمْ تَخْتَانُونَ أَنفُسَكُمْ فَتَابَ عَلَيْكُمْ وَعَفَا عَنكُمْ ۖ فَالْآنَ بَاشِرُوهُنَّ وَابْتَغُوا مَا كَتَبَ اللَّهُ لَكُمْ ۚ وَكُلُوا وَاشْرَبُوا حَتَّىٰ يَتَبَيَّنَ لَكُمُ الْخَيْطُ الْأَبْيَضُ مِنَ الْخَيْطِ الْأَسْوَدِ مِنَ الْفَجْرِ ۖ ثُمَّ أَتِمُّوا الصِّيَامَ إِلَى اللَّيْلِ ۚ وَلَا تُبَاشِرُوهُنَّ وَأَنتُمْ عَاكِفُونَ فِي الْمَسَاجِدِ ۗ تِلْكَ حُدُودُ اللَّهِ فَلَا تَقْرَبُوهَا ۗ كَذَٰلِكَ يُبَيِّنُ اللَّهُ آيَاتِهِ لِلنَّاسِ لَعَلَّهُمْ يَتَّقُونَ \nIt has been made permissible for you the night preceding fasting to go to your wives [for sexual relations]. They are clothing for you and you are clothing for them. Allah knows that you used to deceive yourselves, so He accepted your repentance and forgave you. So now, have relations with them and seek that which Allah has decreed for you. And eat and drink until the white thread of dawn becomes distinct to you from the black thread [of night]. Then complete the fast until the sunset. And do not have relations with them as long as you are staying for worship in the mosques. These are the limits [set by] Allah, so do not approach them. Thus does Allah make clear His ordinances to the people that they may become righteous."

    },
    {
      "Question": "Who is exempt from fasting in Ramadan?",
      "Ans": "The following Muslims are exempt from fasting in Ramadan \ntypes\n1)A sick person:\nSomeone who is ill to the extent that it will seriously affect their health if they fasted. This is determined by clear manifest signs, the judgement of a practicing Muslim doctor or by previous experience. \n2) And as for those who can fast with difficulty, (e.g. an old man), they have (a choice either to fast or) to feed a Miskeen (poor person) (for every day)\n3) and whoever is ill or on a journey, the same number [of days which one did not observe Sawm (fasts) must be made up] from other days\n4) A traveler\nA traveler is defined as someone who intends to travel to a place which is longer than 48 miles away. He must also intend to stay there for less than 15 days, otherwise he would be considered a resident. It must be noted that a traveler is only excused from fasting in Ramadan if he begins his journey before the time of Fajr enters. If a person begins fasting a day in Ramadan and then travels, he is obliged to complete his fast.\n5) A frail elderly person\nThis is someone who can’t fast due to it resulting in illness or an adverse effect on one’s health, as mentioned above (see the section on a sick person). A sick person would ordinarily be able to make up the missed fasts at a later date, whereas an elderly person often wouldn’t be able to due to the weakness that can come as we advance in age. They would thus have to give  Fidyah for any fasts that were missed. According to Muslim Hands, this would roughly amount to £7 per missed fast.\n"

    },
    {
      "Question" : "What breaks your fast and what should we do if our fast breaks?" ,
      "Ans" : "There are two types of broken fasts and two ways of ‘making up’ for these fasts:\n\nTypes\n1) Qada (making up the missed fast) and Kaffarah (expiation) Both a Qada and Kaffarah would be required in the following situations: first one of the fasts of Ramadan is broken and other one is The  person has begun the fast and has broken it for no reason at all. The Kaffarah required would be to fast for sixty consecutive days and, if that is too difficult, to feed sixty poor people. \n2)Qada (making up the missed fast) alone This would be required if you \n\t⦁ Accidentally broke the fast: this would occur if you knew you were fasting but accidentally broke it \n\t⦁Ate the pre-dawn meal (sahur) not knowing that Fajr had already begun, or ate the evening meal (iftar) not knowing the sun hadn’t set yet \n\t⦁Consumed anything that is not food i.e. you accidentally swallowed something inedible \n\t⦁Inhaled something through the nose, unless this occurred unavoidably \n\t⦁Used eardrops"
    },
    {
      "Question": "What doesn’t break your fast in Ramadan?",
      "Ans":"\ntypes\n1) Breaking the fast forgetfully\n2) Eating anything between the teeth less than the size of a chick pea\n3) Involuntary vomiting or induced vomiting less than a mouthful\n4)  Having a wet dream\n5) Delaying performing ritual bath\n6) Inhaling unavoidable particles in the air\n7) Bleeding\n8) Injecting into the body"

    },
    {
      "Question": "What is disliked (makruh) for a fasting person?",
      "Ans": "types\n1) Tasting or chewing something, including toothpaste\n2) Kissing or having sexual contact with their spouse if there is a fear of desire"

    },
    {
      "Question": "What is recommended to do when fasting?",
      "Ans": "types\n1) Eat the pre-dawn meal (sahur) as it gives you strength for the fast\n2) Breaking the fast immediately with an odd number of dates, something sweet or water"

    },
    {
      "Question": "What is fine to do when fasting?",
      "Ans":"types\n1) Using the tooth stick (miswak) at any time during the day\n2) Rinsing the mouth and nose\n3) Taking a shower\n4) Applying scent"

    },
    {
      "Question": "Dua for fasting?",
      "Ans": " وَبِصَوْمِ غَدٍ نَّوَيْتُ مِنْ شَهْرِ رَمَضَانَ"
    },
    {
      "Question": "Dua when breaking fast?",
      "Ans": "اللَّهُمَّ اِنِّى لَكَ صُمْتُ وَبِكَ امنْتُ وَعَلَيْكَ تَوَكَّلْتُ وَعَلَى رِزْقِكَ اَفْطَرْت"
    }
  ]
}
